-- phpMyAdmin SQL Dump
-- version 5.2.0
-- https://www.phpmyadmin.net/
--
-- Host: 127.0.0.1
-- Generation Time: Mar 12, 2023 at 02:17 PM
-- Server version: 10.4.27-MariaDB
-- PHP Version: 8.1.12

SET SQL_MODE = "NO_AUTO_VALUE_ON_ZERO";
START TRANSACTION;
SET time_zone = "+00:00";


/*!40101 SET @OLD_CHARACTER_SET_CLIENT=@@CHARACTER_SET_CLIENT */;
/*!40101 SET @OLD_CHARACTER_SET_RESULTS=@@CHARACTER_SET_RESULTS */;
/*!40101 SET @OLD_COLLATION_CONNECTION=@@COLLATION_CONNECTION */;
/*!40101 SET NAMES utf8mb4 */;

--
-- Database: `recordapp_db`
--

-- --------------------------------------------------------

--
-- Table structure for table `employee`
--

CREATE TABLE `employee` (
  `id` int(11) NOT NULL,
  `lastname` varchar(45) NOT NULL,
  `firstname` varchar(45) NOT NULL,
  `office_id` int(11) NOT NULL,
  `address` varchar(100) DEFAULT NULL
) ENGINE=InnoDB DEFAULT CHARSET=utf8mb4 COLLATE=utf8mb4_general_ci;

--
-- Dumping data for table `employee`
--

INSERT INTO `employee` (`id`, `lastname`, `firstname`, `office_id`, `address`) VALUES
(1, 'Doe', 'Jane', 3, 'PPC'),
(2, 'Doe', 'John', 1, 'Roxas'),
(3, 'Reid', 'Spence', 1, NULL),
(4, 'Martinez', 'Kristine Joy', 3, ''),
(5, 'demo', 'demo', 2, ''),
(6, 'Pilar', 'Joe', 6, 'San Manuel'),
(7, 'Sabandal', 'Synteche', 6, 'San Pedro'),
(8, 'Pilarmeo', 'Airys', 15, 'San Manuel'),
(9, 'Thiel', 'Odie', 130, '031 Hoeger Drive Apt. 014\nSchuppefort, HI 19939'),
(10, 'Fahey', 'Domenick', 15, '831 Aliya Burg\nDedricton, MI 53792'),
(11, 'McDermott', 'Sarai', 190, '9174 Leda Lights Apt. 033\nLake Harmon, IA 49275-2337'),
(12, 'Breitenberg', 'Jewell', 52, '025 Tillman Avenue\nKossshire, DE 20425-6689'),
(13, 'Schmitt', 'Albina', 21, '9218 Denesik Course Apt. 762\nNorth Domenico, MA 62162'),
(14, 'Crooks', 'Anissa', 68, '68201 Gislason Squares\nConnellyshire, DE 84640-7721'),
(15, 'Ziemann', 'Jules', 111, '47064 Wintheiser Camp\nSchowalterview, DE 32557'),
(16, 'Steuber', 'Anjali', 118, '69692 Leuschke Village\nOberbrunnerland, WA 36511-6492'),
(17, 'Rau', 'Nathen', 76, '86527 Ardith Road Apt. 211\nHayeston, NM 29976'),
(18, 'Rosenbaum', 'Josianne', 95, '131 Krajcik Expressway Suite 866\nBotsfordstad, GA 82722'),
(19, 'Toy', 'Kirsten', 79, '633 Ida Knolls\nNorth Sasha, MD 40047'),
(20, 'Glover', 'Adriel', 128, '814 Kris Green\nNorth Luraville, MD 77605'),
(21, 'Wilderman', 'Samara', 21, '1771 Douglas Fort\nSouth Arthur, CA 70363'),
(22, 'Predovic', 'Larue', 82, '98638 Sipes Ports\nNorth Emeraldside, OH 37805-4762'),
(23, 'Jaskolski', 'Lila', 169, '0177 Macejkovic Course Apt. 352\nNorth Mabelleview, SD 48204'),
(24, 'Strosin', 'Raheem', 152, '40434 Fabian Hollow\nZenashire, DE 55580'),
(25, 'Glover', 'Titus', 60, '304 Kessler Burgs\nLake Olenchester, UT 22243'),
(26, 'Kuhn', 'Roberta', 3, '0766 Gulgowski Lodge Apt. 560\nNorth Terrillbury, WI 16962-8237'),
(27, 'Krajcik', 'Milton', 33, '389 Lang Springs\nWest Jan, FL 02279'),
(28, 'Dooley', 'Shaylee', 159, '726 Miller Inlet\nNew Maximilianside, WV 70239-0868'),
(29, 'Buckridge', 'Osvaldo', 75, '6259 Davis Land\nKenport, NY 97147'),
(30, 'Murphy', 'Leone', 22, '206 Kemmer Springs Suite 293\nNew Petefurt, SD 30815-5948'),
(31, 'Labadie', 'Jimmy', 79, '4837 Bechtelar Inlet\nClaudefurt, KY 03938'),
(32, 'Quigley', 'Caleb', 148, '56664 Ullrich Estate\nBernitashire, MT 77086-1177'),
(33, 'Torphy', 'Ava', 128, '65710 Gutkowski Run Apt. 701\nNorth Tyreseburgh, MS 44555-2424'),
(34, 'Ferry', 'Adrain', 112, '9348 Shayne Ports\nWest Gageton, WY 28074'),
(35, 'Mann', 'Amber', 63, '4950 Graham Lakes Suite 254\nGoodwinburgh, HI 99562-9783'),
(36, 'Dickens', 'Kathleen', 16, '5036 Baron Coves Apt. 726\nHeberbury, KS 93483-5545'),
(37, 'Baumbach', 'Santina', 166, '986 Keebler Crest Suite 403\nMedhurstmouth, GA 22315'),
(38, 'Schaefer', 'Domenic', 52, '9627 Dicki Lock\nFunkland, KS 36492'),
(39, 'Yundt', 'Miracle', 96, '98693 Issac Haven Suite 776\nHaagberg, NJ 79309'),
(40, 'Lang', 'Anastasia', 18, '10323 Mraz Prairie Suite 268\nNorth Shanie, RI 29553'),
(41, 'Hintz', 'Imogene', 188, '859 Krystina Road\nWindlerbury, KS 21199-2657'),
(42, 'Dickens', 'Michel', 193, '34400 Felton Vista\nBechtelarborough, IA 13379-2471'),
(43, 'O\'Hara', 'Ebony', 56, '85381 Boehm Mountain Apt. 058\nJanniebury, KS 51339'),
(44, 'Goyette', 'Shea', 152, '0933 Kyla Branch Apt. 774\nDonavonstad, AK 66180'),
(45, 'Pacocha', 'Colleen', 183, '33872 Betsy Springs Suite 217\nBriannemouth, MA 84107'),
(46, 'Conroy', 'Kali', 197, '6944 Kautzer Manor\nLake Name, KS 21019'),
(47, 'Beer', 'Frankie', 7, '193 Littel Pass\nLake Janice, DE 17377'),
(48, 'Mertz', 'Velda', 6, '441 Bradtke Summit Apt. 282\nNew Winona, MI 87342-9892'),
(49, 'Fadel', 'Dayna', 164, '855 Dana Haven\nRomachester, NH 22630-5880'),
(50, 'Stracke', 'Eudora', 121, '18465 Enoch Manors\nMerlinville, ID 85755-9670'),
(51, 'Wiegand', 'Kaylie', 121, '06436 Emard Pines\nAlexanderview, NC 99249'),
(52, 'Blick', 'Krystina', 16, '47284 Nikolaus Island Suite 359\nLangworthstad, CT 51574-1088'),
(53, 'Hackett', 'Antonetta', 124, '399 Mueller Squares Apt. 328\nSouth Ernie, HI 74905'),
(54, 'Schneider', 'Rhea', 58, '3970 Dahlia Harbors\nWest Sofia, KS 08264'),
(55, 'Rodriguez', 'Wilfred', 19, '3268 Lubowitz Springs\nNorth Ernest, OR 00297'),
(56, 'Hessel', 'Unique', 95, '8454 Lang Walks Suite 191\nWolffview, DC 21391-5827'),
(57, 'Feil', 'Meggie', 60, '660 Jaycee Well Suite 732\nMohrbury, MT 81365'),
(58, 'Spinka', 'Demetrius', 96, '35611 Murazik Street Suite 040\nPort Jay, MI 89863-0032'),
(59, 'Reilly', 'Telly', 13, '30492 Gregory Summit\nEast June, CO 12408'),
(60, 'Ankunding', 'Nyah', 57, '664 Buckridge Squares\nRainafort, MN 95702-2377'),
(61, 'Paucek', 'Mafalda', 53, '8491 Strosin Islands Suite 095\nLake Ansley, KY 05743-9685'),
(62, 'Von', 'Dessie', 171, '494 Rollin Knolls\nAnkundinghaven, MT 53329'),
(63, 'Jacobson', 'Jovany', 139, '4282 Powlowski Locks\nPort Leashire, IA 75670-4063'),
(64, 'Witting', 'Wilfred', 13, '779 Pfannerstill Manors\nLowestad, IN 95617-5757'),
(65, 'Dare', 'Carley', 35, '8257 Michael Junction Apt. 357\nNew Xzavierside, CA 74881'),
(66, 'Windler', 'Susana', 123, '1253 Lesch Union\nVolkmanberg, FL 60788'),
(67, 'Wolff', 'Vivian', 104, '089 Cathy Ports Suite 591\nLake Jadaland, IA 84752'),
(68, 'Gaylord', 'Velma', 24, '2392 Bayer Well\nAlannaport, DC 88583-7627'),
(69, 'Kerluke', 'Kylie', 124, '80775 Kuvalis Garden Suite 866\nNew Oranside, AL 46602-9234'),
(70, 'McLaughlin', 'Amely', 179, '427 Arthur Highway\nKubtown, RI 55524'),
(71, 'Koelpin', 'Mariela', 55, '595 Juvenal Squares Suite 065\nDouglasburgh, GA 17990'),
(72, 'Baumbach', 'Americo', 136, '662 Zula Junctions Suite 808\nNew Alejandrahaven, CT 67814-2257'),
(73, 'Witting', 'Nicholaus', 93, '4827 Carroll Lodge Suite 399\nCummingsborough, NE 36879'),
(74, 'Walker', 'Freeda', 151, '554 Keyshawn Shoal Apt. 428\nNorth Aubrey, CO 20737'),
(75, 'O\'Connell', 'Yessenia', 154, '18321 Morris Plains\nBotsfordborough, DE 63170'),
(76, 'Tillman', 'Vinnie', 1, '90273 Rubie Locks\nNew Ariview, HI 93708'),
(77, 'Prohaska', 'Nova', 48, '2366 Harris Mountain\nAddiefurt, KS 17022'),
(78, 'Wisoky', 'Domenick', 61, '0095 Streich Fords\nWest Jerrell, MD 38685-2443'),
(79, 'Leannon', 'Kasey', 74, '428 Bahringer Tunnel\nNew Clarehaven, CA 58560'),
(80, 'Shanahan', 'Stanton', 164, '811 Dare Plaza\nNorth Marcelo, OR 94679-0439'),
(81, 'Senger', 'Kaitlyn', 181, '39070 Laurie Springs\nGerryborough, ID 06301'),
(82, 'Abshire', 'Lonnie', 2, '52248 Frankie Key\nEast Coleman, OK 20132'),
(83, 'Wunsch', 'Pablo', 144, '71825 Pasquale Spurs\nBeahanshire, UT 41704-9019'),
(84, 'Hackett', 'Kristin', 56, '5905 Lehner Forest\nSouth Scottiemouth, NY 41186'),
(85, 'Gorczany', 'Nelda', 112, '91561 Rae Estate\nKshlerinmouth, NY 75076-9063'),
(86, 'Grant', 'Korbin', 154, '560 May Ridge Apt. 970\nVirginieshire, AZ 81229-4164'),
(87, 'Powlowski', 'Casper', 96, '7470 Heaven Prairie Suite 254\nSwiftview, CA 02194-1029'),
(88, 'Carroll', 'Elias', 96, '1555 O\'Conner Branch Suite 942\nBlandamouth, MA 33133'),
(89, 'Prohaska', 'Clement', 160, '742 Luettgen Pike Apt. 554\nSchimmelborough, ND 67403'),
(90, 'O\'Connell', 'Abigayle', 126, '332 Colton Stravenue Apt. 807\nJennyferborough, WI 66303-5696'),
(91, 'Nikolaus', 'Helga', 14, '0388 Valentina Streets Apt. 394\nCaliborough, SC 74258'),
(92, 'Hodkiewicz', 'Buck', 114, '0244 Herzog Ridges Apt. 136\nNorth Daphne, TN 40774'),
(93, 'Champlin', 'Ahmed', 50, '45968 Ken Drives Suite 895\nNorth Albinaberg, TN 34083'),
(94, 'Hyatt', 'Otilia', 177, '51026 Pamela Hill\nWest Chestershire, MT 06225-9958'),
(95, 'Hettinger', 'Rusty', 25, '65568 Heidenreich Corners Apt. 672\nAltenwerthborough, GA 21630-6922'),
(96, 'Klocko', 'Marc', 1, '308 Bode Mountain Suite 988\nEast Allisonfurt, ME 59413-7399'),
(97, 'Schowalter', 'Blaise', 71, '1845 Ritchie Corner\nMayerberg, MO 37225-7907'),
(98, 'Schuster', 'Esperanza', 196, '084 Friesen Way\nSouth Alexysland, WV 61530-5736'),
(99, 'Olson', 'Lilian', 26, '7957 Roob Mountains Suite 657\nNew Amalia, UT 48403'),
(100, 'Bayer', 'Rosella', 75, '8920 Alvis Causeway Suite 617\nHoraciochester, UT 68231'),
(101, 'Schowalter', 'Ericka', 101, '936 Clotilde Ridge Apt. 084\nChristianport, NE 97956-9713'),
(102, 'Beer', 'Sammie', 82, '46216 Bechtelar Oval\nNew Presleyville, MT 60916'),
(103, 'Erdman', 'Ian', 38, '9565 Chad Walks\nEast Mason, GA 20068'),
(104, 'Collier', 'Wanda', 136, '65079 Jovanny Manors Suite 639\nSouth Maximusfort, MT 05219-6669'),
(105, 'Dach', 'Tia', 38, '4151 Matteo Well Suite 832\nSouth Constantin, KY 87133-1422'),
(106, 'O\'Conner', 'Irwin', 26, '95427 Cremin Squares\nNaderborough, MN 92674'),
(107, 'Collier', 'Luigi', 91, '924 Bridgette Throughway\nPort Maci, AL 73666-7722'),
(108, 'Kuhn', 'Thaddeus', 132, '66661 Schinner Shoals\nEast Ruth, IL 47879-5553'),
(109, 'McDermott', 'Arianna', 153, '472 Keven Walk\nKihnside, AK 46676'),
(110, 'Schneider', 'Alphonso', 34, '3554 Neoma River Apt. 301\nEmoryport, SD 72201-2682'),
(111, 'Schultz', 'Citlalli', 50, '17227 Ondricka Tunnel Apt. 270\nLake Jenningston, MT 45558-1707'),
(112, 'Dickens', 'Christian', 142, '30796 Klocko Stream Suite 664\nBruenfurt, OH 14721-9189'),
(113, 'Bednar', 'Meaghan', 165, '63935 Borer Common Apt. 174\nLeonelstad, AK 39264'),
(114, 'Bins', 'Syble', 141, '923 Block Garden\nMaverickborough, WV 31676-2035'),
(115, 'O\'Reilly', 'Frederic', 66, '12736 Senger Vista\nKochmouth, SC 72402'),
(116, 'Lemke', 'Geovanni', 122, '399 Lehner Crossroad\nJerdeview, OK 91570-0053'),
(117, 'Marvin', 'Jazlyn', 95, '988 Buford Circles\nWhitefort, AZ 65084'),
(118, 'Paucek', 'Stephania', 64, '443 Rosenbaum View Apt. 199\nMelynastad, PA 03954'),
(119, 'Schowalter', 'Crystal', 182, '797 Kuphal Pass\nWest Horacefort, NE 06842'),
(120, 'Swaniawski', 'Sonia', 127, '16072 Bergnaum Isle\nPort Melanyshire, OK 45865'),
(121, 'Wintheiser', 'Sigurd', 143, '2721 Wiegand Villages Apt. 873\nNew Nadia, MD 51542-9489'),
(122, 'Quigley', 'Luisa', 32, '2505 Marguerite Ports Apt. 926\nLake Jesusburgh, AL 26658-9279'),
(123, 'Hettinger', 'Edwin', 144, '268 Corkery Mountain\nArnoldton, ID 98763'),
(124, 'Oberbrunner', 'Mario', 12, '81875 Yost Island Apt. 713\nWinstonshire, AK 60159'),
(125, 'Stoltenberg', 'Sage', 115, '5386 Hunter Road Apt. 008\nSouth Elnorachester, NY 49576-9735'),
(126, 'Reilly', 'Kylee', 21, '842 Mallory Alley\nWest Raquel, AL 34136'),
(127, 'Krajcik', 'Ara', 9, '47547 Kris Vista Apt. 668\nSouth Eltonport, WI 97917'),
(128, 'Ruecker', 'Jennyfer', 100, '048 Bernhard Mews\nPort Dayton, ID 06560-1326'),
(129, 'Gutmann', 'Juston', 97, '1386 Wuckert Way\nNew Berniecehaven, DC 37520'),
(130, 'Hahn', 'Laury', 75, '67942 McDermott Ferry\nPort Jacey, VA 78185'),
(131, 'Schiller', 'Lilly', 171, '96911 Katlyn Junction\nSouth Dorothea, AR 18956-0188'),
(132, 'Schaefer', 'Trinity', 99, '3716 Reinger Court Apt. 043\nKeltonside, NY 25594'),
(133, 'Nicolas', 'Shana', 96, '37801 Dicki Summit\nVestahaven, TN 98127'),
(134, 'Dooley', 'Antonette', 163, '9492 Mae Forks Suite 209\nNorth Dameon, TX 03965'),
(135, 'Farrell', 'Telly', 90, '67605 Weissnat Mews\nRyanland, DC 14261-0548'),
(136, 'Heathcote', 'Derek', 89, '220 Frami Rest Suite 599\nGreenfelderchester, MA 87494'),
(137, 'Powlowski', 'Holden', 27, '82856 Schmidt Crossroad\nPort Yesseniatown, MN 41832-6794'),
(138, 'Medhurst', 'Aurelio', 199, '0332 Abshire Point\nSouth Eliezer, DC 85396-5952'),
(139, 'Beatty', 'Rene', 6, '36038 Gutkowski Center\nWest Mauricio, OK 23394'),
(140, 'Wuckert', 'Charlotte', 89, '080 Leopold Circles\nOdessastad, MN 57718-5897'),
(141, 'Keebler', 'Ernest', 26, '6109 Daniella Route\nClaystad, CO 24860-8435'),
(142, 'Deckow', 'Lourdes', 187, '661 Reichel Roads\nSouth Karinafort, TX 35809-3981'),
(143, 'Medhurst', 'Dandre', 63, '57108 Macejkovic Roads Suite 965\nNorth Declanville, ND 56322'),
(144, 'Grady', 'Khalil', 70, '462 Nikolaus Islands\nNew Emely, GA 25387'),
(145, 'Fay', 'Elody', 170, '75787 Bartoletti Bypass\nSchultzborough, WA 38599'),
(146, 'Stark', 'Hudson', 175, '658 Earlene Avenue Apt. 711\nAltenwerthville, KY 49478'),
(147, 'Hahn', 'Armand', 111, '82173 Barney Pine\nSouth Zechariahmouth, FL 84248'),
(148, 'Kuhn', 'Jaleel', 129, '0550 Jacobi Landing\nEast Valentinachester, OK 67594-4086'),
(149, 'Romaguera', 'Sabrina', 117, '38135 Mafalda Pass\nMcClurestad, OR 31327'),
(150, 'Von', 'Margaretta', 94, '9506 Nitzsche Locks\nEast Elisa, IL 27884'),
(151, 'Stroman', 'Jaleel', 38, '8611 Marilie Plaza Suite 213\nNorth Barbara, IA 47500-4918'),
(152, 'Dicki', 'Briana', 119, '087 Johns Trafficway\nHillschester, IA 08680-2392'),
(153, 'Jerde', 'Queen', 117, '2811 Mitchell Glen\nSouth Emmittborough, LA 29280'),
(154, 'Dickinson', 'Rene', 135, '348 Hudson Estate\nPort Victoriaport, UT 18606-5388'),
(155, 'Dach', 'Jakob', 43, '6667 Melyssa Mill\nNorth Zoeymouth, NJ 57940-6448'),
(156, 'McClure', 'Jordane', 32, '259 Bergnaum Green Apt. 249\nSoniaberg, VA 81640-1275'),
(157, 'Swaniawski', 'Kimberly', 178, '8621 Stewart Tunnel\nEast Stephenton, MI 53133'),
(158, 'Kulas', 'Ofelia', 193, '9016 Dion Mews\nEast Jamie, CT 08236-4114'),
(159, 'Corwin', 'Jackeline', 7, '478 Jordy Club\nIgnacioborough, MA 83344'),
(160, 'Hammes', 'Nathaniel', 153, '65023 Vella Meadows Suite 354\nVonhaven, NM 60109-5299'),
(161, 'Price', 'Zelda', 142, '42943 Kirstin Key\nMertzland, CA 47214-3518'),
(162, 'Keebler', 'Lelah', 103, '971 Clark Lakes\nGreenland, OR 99328'),
(163, 'Morissette', 'Madison', 141, '2264 Zieme Ville\nKunzeborough, OH 32380-3805'),
(164, 'Cruickshank', 'Liana', 44, '404 Diamond Walk\nNorth Jazmin, TX 07568-9066'),
(165, 'Jacobson', 'Chase', 104, '58406 Fadel Squares Suite 472\nMyraburgh, DE 10603'),
(166, 'Schulist', 'Angelica', 197, '780 Rodolfo Parks\nLake Rosaleefurt, PA 11454'),
(167, 'Bergstrom', 'Carley', 181, '56508 Erdman Haven Apt. 630\nSchultzmouth, AR 42674'),
(168, 'Wuckert', 'Eleanora', 114, '0109 Okuneva Dam\nKrisburgh, IN 92287-8135'),
(169, 'Gorczany', 'Krista', 75, '292 Randy Hill Apt. 488\nSouth Cesar, NJ 27418'),
(170, 'Dach', 'Jaquan', 95, '95715 Christine Court\nPort Alexismouth, NY 94604'),
(171, 'Labadie', 'Stewart', 2, '1498 Koby Trail\nPort Craigmouth, MS 62469'),
(172, 'Stehr', 'Germaine', 115, '15043 Mayer Streets\nEphraimbury, ND 86915'),
(173, 'Schuppe', 'Hulda', 35, '6998 Kuhlman Land\nOberbrunnerton, TN 28386'),
(174, 'Heaney', 'Easter', 59, '35892 Maiya Wells Apt. 959\nBednarshire, NM 20668-3549'),
(175, 'Keebler', 'Torrey', 46, '67917 Izabella Lodge Apt. 153\nCarrollstad, ND 20242-1804'),
(176, 'Reinger', 'Hope', 160, '16961 Carter Lodge Apt. 912\nWest Freddy, CO 74713'),
(177, 'Lockman', 'Lelah', 179, '23629 Cullen Gateway Apt. 942\nO\'Haraport, ME 88041-4391'),
(178, 'Rohan', 'Joanny', 49, '030 America Springs\nSouth Allyborough, WA 58198'),
(179, 'Rutherford', 'Nicole', 67, '169 Marks Throughway\nWillmouth, CA 23836-8618'),
(180, 'Kirlin', 'Alana', 194, '805 Jakayla Landing Apt. 394\nVedafurt, KS 73452'),
(181, 'Leannon', 'Mohamed', 117, '971 Schmeler Circles\nNew Cleta, NM 05880-3429'),
(182, 'Hackett', 'Lenny', 61, '56988 Dallas Harbors\nNew Nicole, NE 53538-2508'),
(183, 'Harber', 'Dolores', 76, '245 Santa Haven\nEast Ryleigh, NC 94663-1160'),
(184, 'Streich', 'Nolan', 75, '610 Adrien Knolls\nPort Lina, ME 72075-2159'),
(185, 'Hyatt', 'Reggie', 90, '7394 Tanner Burg\nWest Leopold, NC 94736-1466'),
(186, 'McClure', 'Wilhelmine', 65, '629 Upton Route\nNorth Lilyan, ME 97337-4546'),
(187, 'Walker', 'Monserrat', 60, '65705 Wilhelmine Turnpike Apt. 807\nNew Arvillamouth, AZ 25039-6474'),
(188, 'Stokes', 'Heloise', 164, '53280 Ryan Viaduct Apt. 272\nNew Maximillianfort, NM 46333'),
(189, 'Kulas', 'Tania', 22, '13292 Ruecker Glen\nJohnsonmouth, SD 44455'),
(190, 'Kuhn', 'Ike', 90, '9905 Domenick Spur Apt. 382\nDooleyfurt, NH 27016'),
(191, 'Tromp', 'Baron', 154, '94486 Bria Street\nEast Gunnarside, MS 00149-7801'),
(192, 'Runolfsson', 'Leonard', 115, '06835 Denesik Circle Apt. 653\nBaileyborough, NJ 94917'),
(193, 'Dach', 'Alicia', 73, '81739 Kulas Path\nJoelburgh, KS 49155'),
(194, 'O\'Reilly', 'Estefania', 97, '494 Bechtelar Rapid\nHaagview, CO 90531-2033'),
(195, 'Schmeler', 'Florida', 86, '74142 Jakob Station Suite 553\nArnoldfort, ND 16066-4813'),
(196, 'Muller', 'Tamia', 192, '906 Goyette Junction Suite 025\nDurganmouth, NE 35216-6280'),
(197, 'Skiles', 'Billie', 20, '07284 Ratke Extension Suite 766\nNorth Carlietown, CO 68122'),
(198, 'Wunsch', 'Petra', 45, '70200 Roberts Via Suite 059\nSouth Norvaltown, IL 32214'),
(199, 'Kertzmann', 'Antwan', 2, '1122 Zemlak Canyon\nGiovanniberg, MT 80207'),
(200, 'Roberts', 'Malika', 99, '9749 Walter Circles\nArdenton, ME 26390-0004'),
(201, 'Kilback', 'Rickie', 87, '3737 Rickie Point Apt. 619\nKunzeside, MN 60927'),
(202, 'VonRueden', 'Margret', 22, '3051 Cruz View Apt. 787\nMcDermottland, DC 17662'),
(203, 'O\'Kon', 'Jules', 128, '58796 Brody Ferry\nNew Aniya, VT 73198'),
(204, 'Lueilwitz', 'Alisha', 133, '3240 Blick Forest\nWinonaville, MN 30400'),
(205, 'Mills', 'Burley', 53, '13759 Goldner Walk Suite 631\nNorth Kodyburgh, IN 41515'),
(206, 'Harber', 'Misael', 155, '0028 Stoltenberg Valley Apt. 214\nGutkowskiport, WY 31632-8423'),
(207, 'Kuhlman', 'Edward', 59, '452 McGlynn Courts\nLake Dorris, RI 23358-9471'),
(208, 'Rosenbaum', 'Buck', 79, '3699 Emmanuelle Meadows Apt. 424\nBodeport, AL 86354');

-- --------------------------------------------------------

--
-- Table structure for table `office`
--

CREATE TABLE `office` (
  `id` int(11) NOT NULL,
  `name` varchar(45) NOT NULL,
  `contactnum` varchar(45) DEFAULT NULL,
  `email` varchar(45) DEFAULT NULL,
  `address` varchar(45) DEFAULT NULL,
  `city` varchar(45) DEFAULT NULL,
  `country` varchar(45) DEFAULT NULL,
  `postal` int(11) DEFAULT NULL
) ENGINE=InnoDB DEFAULT CHARSET=utf8mb4 COLLATE=utf8mb4_general_ci;

--
-- Dumping data for table `office`
--

INSERT INTO `office` (`id`, `name`, `contactnum`, `email`, `address`, `city`, `country`, `postal`) VALUES
(1, 'Computer Studies Department', '433-5684', 'csd@psu.palawan.edu.ph', 'IT Building', 'Puerto Princesa', 'Philippines', 5300),
(2, 'CS Dean\'s Office', '433-5686', 'cs@psu.palawan.edu.ph', 'CS Building', 'Puerto Princesa', 'Philippines', 5300),
(3, 'Creative Code Inc.', '433-5685', 'cci@gmail.com', '', '', '', 5300),
(4, 'Creative Code Inc.', '433-5685', 'cci@gmail.com', '', '', '', 5300),
(5, 'Office of the President', '433-1234', 'oup@psu.palawan.edu.ph', 'Admin building', '', '', 5300),
(6, 'System Information Technology Enthusiast', '433-1234', 'site@psu.palawan.edu.ph', 'IT Building', 'PPC', 'Philippines', 5300),
(7, 'Human Resource Management Office', '433-1923', 'hrmo@psu.palawan.edu.ph', 'Admin Building', 'PPC', 'Philippines', 5300),
(8, 'Office of the President', '433-1111', 'opres@psu.palawan.edu.ph', 'Admin Building', 'PPC', 'Philippines', 5300),
(9, 'Office of the University Registrar', '433-0999', 'our@psu.palawan.edu.ph', 'Admin Building', 'PPC', 'Philippines', 5300),
(10, 'University Library Office', '433-1283', 'ulo@psu.palawan.edu.ph', 'Admin Building', 'PPC', 'Philippines', 5300),
(11, 'CAH Dean\'s Office', '433-1752', 'cah@psu.palawan.edu.ph', 'CAH Building', 'PPC', '', 5300),
(12, 'CBA Dean\'s Office', '433-4323', 'cba@psu.palawan.edu.ph', 'CBA Building', 'PPC', 'Philippines', 5300),
(13, 'CCJEDean\'s Office', '433-5783', 'ccje@psu.palawan.edu.ph', 'CCJE Building', 'PPC', 'Philippines', 5300),
(14, 'CEAT Dean\'s Office', '433-5621', 'ceat@psu.palawan.edu.ph', 'CEAT Building', 'PPC', 'Philippines', 5300),
(15, 'CHMT Dean\'s Office', '433-9483', 'chmt@psu.palawan.edu.ph', 'CHMT Building', 'PPC', 'Philippines', 5300),
(16, 'CNHS Dean\'s Office', '433-2368', 'cnhs@psu.palawan.edu.ph', 'CNHS Building', 'PPC', 'Philippines', 5300),
(17, 'CTE Dean\'s Office', '433-9962', 'cte@psu.palawan.edu.ph', 'CTE Building', 'PPC', 'Philippines', 5300),
(18, 'Records Office', '433-9403', 'ro@psu.palawan.edu.ph', 'Admin Building', 'PPC', 'Philippines', 5300),
(19, 'Office of the Vide President for Finance and ', '433-4413', 'ovpfa@psu.palawan.edu.ph', 'Admin Building', 'PPC', 'Philippines', 5300),
(20, 'Income Generating Projects Office', '433-0012', 'igp@psu.palawan.edu.ph', 'Canteen Building', 'PPC', 'Philippines', 5300),
(23, 'Hartmann Group', '1-638-263-1366', 'xVeum@gmail.com', '93A Metz Street', 'Oroquieta', 'Philippines', 8833),
(24, 'Schuppe and Sons', '348-813-0332', 'cBraun@Berge.com', '66 Anderson Street', 'Lipa', 'Philippines', 7174),
(25, 'Daugherty-Armstrong', '920.154.1661', 'Rosanna.Lebsack@DuBuque.com', '73A Haley Street', 'Candon', 'Philippines', 69),
(26, 'Yundt, Christiansen and Baumbach', '1-715-496-0134', 'Idell.Krajcik@Balistreri.com', '47/22 Zulauf Street', 'Angeles', 'Philippines', 3354),
(27, 'Wehner LLC', '1-433-039-8229x0225', 'Brycen.Ullrich@Anderson.org', '59 Buckridge Street', 'Caloocan', 'Philippines', 6843),
(28, 'Rolfson, Fritsch and Stiedemann', '1-495-328-4028', 'Ramona41@hotmail.com', '58/23 Conn Street', 'Borongan', 'Philippines', 3852),
(29, 'Krajcik, Funk and Dooley', '00650778097', 'Renner.Savion@gmail.com', '62A Boyle Street', 'Tandag', 'Philippines', 8535),
(30, 'Feeney LLC', '975-217-8546x80029', 'Noemi16@gmail.com', '36 Ondricka Street', 'Carcar', 'Philippines', 4156),
(31, 'Torp, Boyer and Hyatt', '1-534-646-9985x5277', 'Cecil.Reilly@Rath.com', '49A/04 Littel Street', 'Naga', 'Philippines', 8644),
(32, 'Stiedemann, Parisian and Welch', '01198808529', 'sAbshire@Nolan.biz', '53/70 Ernser Street', 'Talisay', 'Philippines', 7227),
(33, 'Von, McCullough and Stehr', '+18(5)3092128686', 'vBeatty@Crist.org', '20A Anderson Street', 'Zamboanga City', 'Philippines', 2994),
(34, 'Graham LLC', '1-804-216-2976', 'wWelch@Donnelly.com', '62/18 Lehner Street', 'Tagbilaran', 'Philippines', 8850),
(35, 'Vandervort-Bashirian', '1-564-978-6049x2815', 'cAbbott@Konopelski.com', '86A/53 Gibson Street', 'Bayawan', 'Philippines', 5633),
(36, 'Hodkiewicz, Shanahan and Muller', '(244)755-7852', 'Mayert.Myrtis@gmail.com', '58 Kuvalis Street', 'Lucena', 'Philippines', 7582),
(37, 'Sauer, Krajcik and Murazik', '1-582-398-7424', 'Labadie.Ines@Haag.biz', '29A/94 Steuber Street', 'Isabela', 'Philippines', 5392),
(38, 'Carter-Kshlerin', '+74(5)7793688573', 'Stefanie05@yahoo.com', '40A Lemke Street', 'Lucena', 'Philippines', 6358),
(39, 'Kassulke Ltd', '(323)945-1494x41427', 'Pacocha.Antonia@Murphy.com', '30A Rath Street', 'General Santos', 'Philippines', 3605),
(40, 'Swaniawski LLC', '(080)572-8845', 'Marvin.Herman@hotmail.com', '46A/09 Denesik Street', 'Trece Martires', 'Philippines', 5367),
(41, 'Von Ltd', '362.498.2904', 'Anna22@Doyle.com', '88/03 Shanahan Street', 'Quezon City', 'Philippines', 5302),
(42, 'Satterfield PLC', '(847)461-4127', 'nStroman@gmail.com', '16/87 Bauch Street', 'Las Piñas', 'Philippines', 3042),
(43, 'Romaguera, Emard and Macejkovic', '1-995-935-9086x33031', 'Streich.Jay@Goldner.info', '18A Price Street', 'Iriga', 'Philippines', 4819),
(44, 'Hessel, Satterfield and Sawayn', '02153785412', 'Delpha59@Zulauf.com', '61A Turcotte Street', 'Mati', 'Philippines', 1392),
(45, 'Durgan-Rogahn', '525.967.3833x53078', 'Kohler.Delmer@yahoo.com', '03A/50 King Street', 'Antipolo', 'Philippines', 7318),
(46, 'Rippin, Bashirian and Zemlak', '(280)333-0415x50802', 'fWyman@Murazik.biz', '45/60 Schmidt Street', 'Manila', 'Philippines', 3415),
(47, 'Durgan-Jenkins', '1-930-178-2142', 'tRatke@Pagac.net', '30/61 Lubowitz Street', 'Candon', 'Philippines', 4920),
(48, 'Durgan, Beer and Towne', '(689)301-5807x4629', 'mHettinger@Quitzon.com', '81/16 West Street', 'Meycauayan', 'Philippines', 7368),
(49, 'Prosacco LLC', '1-248-151-1905x2975', 'Emma78@gmail.com', '17A/42 Rice Street', 'Puerto Princesa', 'Philippines', 6379),
(50, 'Marquardt, Block and Lesch', '333-134-4434', 'Ward.Salma@yahoo.com', '87 Pagac Street', 'La Carlota', 'Philippines', 9402),
(51, 'Swaniawski PLC', '+55(2)5551900447', 'Eula.Schumm@gmail.com', '31A Barrows Street', 'Malolos', 'Philippines', 9882),
(52, 'Barton-Johns', '(204)198-6471x57457', 'Harber.Keeley@Lowe.com', '17/25 Greenfelder Street', 'San Carlos', 'Philippines', 3583),
(53, 'Hansen, Rowe and Wisoky', '(209)305-9615x024', 'cHintz@Olson.com', '67 Fritsch Street', 'Mati', 'Philippines', 4738),
(54, 'Harber Inc', '(108)733-9097x990', 'Bernadine39@gmail.com', '80 Russel Street', 'Antipolo', 'Philippines', 9457),
(55, 'Yost-Welch', '1-118-421-1382', 'Rogahn.Jayde@Bechtelar.com', '93A/54 Bahringer Street', 'Mandaue', 'Philippines', 3986),
(56, 'Murazik, Funk and Will', '(308)340-0405x2544', 'Gonzalo86@gmail.com', '16 Grimes Street', 'Bacoor', 'Philippines', 6308),
(57, 'Wisozk, Murazik and Heidenreich', '(680)804-9985', 'Spencer.Ian@gmail.com', '93A/89 Dickens Street', 'Mandaue', 'Philippines', 5997),
(58, 'Schmidt, Schoen and Sporer', '351-245-9843x31120', 'Skiles.Joannie@yahoo.com', '77 Weissnat Street', 'Tangub', 'Philippines', 7284),
(59, 'Turcotte, Botsford and Becker', '00963033738', 'eLarkin@Pouros.com', '42/97 Ebert Street', 'Laoag', 'Philippines', 6031),
(60, 'Kris, Bergnaum and Grant', '313-581-3435', 'Arch49@hotmail.com', '31A Huel Street', 'Pasay', 'Philippines', 7325),
(61, 'Nader-Schamberger', '+98(1)8298019037', 'bCole@yahoo.com', '07 Olson Street', 'Cadiz', 'Philippines', 4716),
(62, 'Bahringer, Ondricka and Goldner', '(456)419-4596x18399', 'Evangeline.Lind@gmail.com', '13A/46 Wehner Street', 'Carcar', 'Philippines', 6288),
(63, 'Ernser and Sons', '361.128.2343', 'Elva.Gerhold@Cremin.com', '35A/01 Hagenes Street', 'Bacoor', 'Philippines', 477),
(64, 'Von-Jacobs', '168.951.2863', 'Windler.Retha@Muller.com', '68A Hartmann Street', 'Pasay', 'Philippines', 3162),
(65, 'Corkery PLC', '1-734-616-3225x60512', 'Prohaska.Luciano@gmail.com', '74 Macejkovic Street', 'San Carlos', 'Philippines', 5325),
(66, 'Klocko, Dicki and Donnelly', '1-864-595-5115', 'Coy32@Rodriguez.org', '35A Towne Street', 'Silay', 'Philippines', 2425),
(67, 'Russel and Sons', '917-288-4924', 'sKiehn@yahoo.com', '37A Howe Street', 'Cabanatuan', 'Philippines', 488),
(68, 'Purdy-Spinka', '1-314-049-6547', 'Bahringer.Ruby@Deckow.net', '02A Beatty Street', 'Baguio', 'Philippines', 1053),
(69, 'Glover, Mueller and Casper', '(737)287-8415x9027', 'Balistreri.Derick@yahoo.com', '81A Hodkiewicz Street', 'Valenzuela', 'Philippines', 2020),
(70, 'Muller, Kuphal and Wehner', '1-790-041-2436x4241', 'Lila.Osinski@Kuvalis.com', '38A/77 Jaskolski Street', 'Vigan', 'Philippines', 438),
(71, 'Volkman PLC', '198.963.1525', 'Volkman.Marguerite@yahoo.com', '35A/68 Skiles Street', 'Koronadal', 'Philippines', 8346),
(72, 'Robel, Runolfsson and Schneider', '702.905.6158x1092', 'Trystan.Fay@Denesik.com', '67A Greenfelder Street', 'Caloocan', 'Philippines', 5420),
(73, 'Flatley LLC', '398.194.8206x248', 'Antonia32@gmail.com', '77/54 Altenwerth Street', 'Bogo', 'Philippines', 60),
(74, 'Bernhard, Nitzsche and Greenfelder', '285.465.7657x1526', 'Jayne69@gmail.com', '40A Kuhn Street', 'Zamboanga City', 'Philippines', 3579),
(75, 'Kshlerin Ltd', '203.158.4712x4216', 'Maybell88@hotmail.com', '17 Koelpin Street', 'Carcar', 'Philippines', 6137),
(76, 'Beer PLC', '608-630-1717', 'Elva37@yahoo.com', '31A/93 Rodriguez Street', 'Ormoc', 'Philippines', 8135),
(77, 'Koss-Wolf', '875.914.2857', 'Wilkinson.Maybelle@Buckridge.biz', '57/72 Hirthe Street', 'Gingoog', 'Philippines', 9254),
(78, 'Rolfson Ltd', '1-405-234-1502x8813', 'Jamey.Haley@yahoo.com', '27A/82 Lehner Street', 'Tacloban', 'Philippines', 3251),
(79, 'Zulauf-Wiza', '02627228833', 'Elmira04@Kuhic.org', '74/85 Grant Street', 'Mandaluyong', 'Philippines', 5),
(80, 'Predovic, Feil and Lemke', '(520)004-6976', 'Garett.Kuhn@hotmail.com', '25A Bogan Street', 'Tabaco', 'Philippines', 9822),
(81, 'Homenick, Schroeder and Schultz', '+23(7)6893520650', 'hFisher@hotmail.com', '52 Gleichner Street', 'Guihulngan', 'Philippines', 7711),
(82, 'Crona PLC', '(270)903-7474x9903', 'Glover.Kip@hotmail.com', '25/62 Lockman Street', 'Silay', 'Philippines', 1033),
(83, 'Torp, Dare and Lang', '(283)774-6372x14608', 'Wisozk.Fannie@Johnston.com', '55A Blick Street', 'Tabuk', 'Philippines', 7438),
(84, 'Aufderhar, Barrows and Hayes', '652-791-3287', 'Hayes.Randi@yahoo.com', '96 Murazik Street', 'Dapitan', 'Philippines', 1601),
(85, 'Cruickshank, Watsica and Heller', '08983789186', 'jWest@yahoo.com', '85/90 Satterfield Street', 'Ozamiz', 'Philippines', 7),
(86, 'Altenwerth-Hamill', '00951828925', 'Keshaun.Mitchell@Abernathy.com', '95/86 Mertz Street', 'Naga', 'Philippines', 4290),
(87, 'Raynor, Aufderhar and Fisher', '1-236-296-5290x44471', 'Laila00@gmail.com', '60/77 Kunde Street', 'Calamba', 'Philippines', 3706),
(88, 'Hyatt-Mraz', '+64(2)4817741338', 'Pink.Lind@Schumm.org', '38A Powlowski Street', 'Koronadal', 'Philippines', 9839),
(89, 'Hoppe, Jacobi and Bradtke', '1-057-221-5531', 'aWiegand@hotmail.com', '86 Grant Street', 'Butuan', 'Philippines', 9563),
(90, 'Emard, Koch and Monahan', '187-350-9946x516', 'Ruben.Kiehn@hotmail.com', '00A Waelchi Street', 'Tagbilaran', 'Philippines', 1622),
(91, 'Douglas-Lubowitz', '656-019-5988', 'Janice.Bechtelar@Koelpin.com', '93A Hudson Street', 'Samal', 'Philippines', 9517),
(92, 'Leannon, Streich and Wisozk', '393.719.0599x375', 'Alena.Simonis@Macejkovic.com', '21A Homenick Street', 'Calbayog', 'Philippines', 1280),
(93, 'Hilpert, Murphy and Adams', '01918336699', 'Ines76@Abshire.info', '98/96 Rosenbaum Street', 'Cauayan', 'Philippines', 8716),
(94, 'O\'Kon, Russel and Gorczany', '721.549.8013x60119', 'yKautzer@hotmail.com', '94A Champlin Street', 'Pasig', 'Philippines', 3332),
(95, 'Wisozk-Goyette', '240.929.6083x100', 'Gabriel.Koepp@Adams.com', '66A/43 Schmidt Street', 'Canlaon', 'Philippines', 2705),
(96, 'Schmitt LLC', '(572)303-1999', 'Lilly91@hotmail.com', '80 Senger Street', 'Marikina', 'Philippines', 6837),
(97, 'Walsh-Kessler', '890-456-7454x305', 'Bayer.Zander@gmail.com', '60A Hoeger Street', 'Valenzuela', 'Philippines', 7396),
(98, 'Lakin-Feil', '1-147-903-9740', 'oLangworth@gmail.com', '27A/82 Erdman Street', 'Sipalay', 'Philippines', 2763),
(99, 'Gusikowski Inc', '035.660.5478x934', 'Schmeler.Evert@Reynolds.com', '95 Predovic Street', 'Ligao', 'Philippines', 8839),
(100, 'Lindgren, Cole and Stehr', '145-622-2360', 'Judge18@gmail.com', '49/51 Veum Street', 'Batangas City', 'Philippines', 554),
(101, 'Shields, Haag and Herman', '1-041-140-2203', 'Vivianne05@Corwin.com', '32/72 Toy Street', 'Bayugan', 'Philippines', 8627),
(102, 'Boehm, Sawayn and Schneider', '1-849-171-6376x20348', 'Vandervort.Clovis@Feeney.com', '44 Raynor Street', 'Naga', 'Philippines', 206),
(103, 'Harris-Rath', '665.591.1591x283', 'Hattie.Simonis@yahoo.com', '56/32 Considine Street', 'Tabuk', 'Philippines', 9861),
(104, 'Waelchi, Mohr and Gleichner', '480-997-5272x653', 'Heath.Glover@yahoo.com', '89/86 Green Street', 'San Pablo', 'Philippines', 5349),
(105, 'Dickinson Group', '+30(4)5991059469', 'Tom40@Lebsack.info', '07/86 Corwin Street', 'Pasay', 'Philippines', 2460),
(106, 'Borer-Walker', '516.552.1162x2314', 'Josiah.Reinger@Ritchie.net', '45 Ernser Street', 'Zamboanga City', 'Philippines', 9933),
(107, 'Metz-Wyman', '482-779-9209x27280', 'Sasha32@Beatty.com', '33/67 O\'Keefe Street', 'Passi', 'Philippines', 7600),
(108, 'Marvin, Erdman and Runolfsson', '1-720-476-5627', 'Ransom41@gmail.com', '75 Jacobson Street', 'Naga', 'Philippines', 1617),
(109, 'Hagenes PLC', '694.193.4386x175', 'Luciano.Romaguera@yahoo.com', '03A/63 Botsford Street', 'Tandag', 'Philippines', 8862),
(110, 'Terry LLC', '211.318.8085x92263', 'Marquis85@gmail.com', '98A Stehr Street', 'Danao', 'Philippines', 2425),
(111, 'Osinski, Bartell and Donnelly', '1-029-515-9803x36325', 'Katlynn82@Powlowski.com', '91 Torphy Street', 'Pagadian', 'Philippines', 4545),
(112, 'Feeney, Dach and Christiansen', '1-797-722-3046x520', 'qEmmerich@Ankunding.com', '50A O\'Conner Street', 'Ormoc', 'Philippines', 8175),
(113, 'Hackett-Corwin', '1-863-928-6770x647', 'kHeaney@gmail.com', '90/60 Hermann Street', 'Olongapo', 'Philippines', 7316),
(114, 'O\'Hara, Tromp and Ritchie', '285-072-8362', 'mSpencer@hotmail.com', '53A Hessel Street', 'San Pablo', 'Philippines', 7370),
(115, 'Beer-Boyle', '1-698-560-5104x86877', 'Willard65@Zboncak.com', '79 Rath Street', 'Caloocan', 'Philippines', 3536),
(116, 'Cremin LLC', '(844)305-4186x9852', 'Nyasia.Schimmel@Veum.com', '51 Harris Street', 'Panabo', 'Philippines', 429),
(117, 'Zulauf-Bartoletti', '029.622.6849x9858', 'Jayden64@Ferry.com', '15/26 Grady Street', 'Tabuk', 'Philippines', 6502),
(118, 'Schmidt PLC', '674.303.5501x821', 'aWisoky@Cassin.info', '29A Schuster Street', 'Tagaytay', 'Philippines', 6510),
(119, 'Aufderhar-Dare', '(491)581-6385x93199', 'Franecki.Reina@Mayert.com', '49A Bartell Street', 'Cabadbaran', 'Philippines', 2401),
(120, 'Rohan PLC', '1-002-135-1537x3023', 'tDenesik@hotmail.com', '80 Kris Street', 'Meycauayan', 'Philippines', 3592),
(121, 'Braun-Rutherford', '(732)799-4095x248', 'Fritz.Hoppe@Kling.com', '32A/92 Koss Street', 'Tayabas', 'Philippines', 1409),
(122, 'Huel, Ernser and Keeling', '401.547.9738x80697', 'xLittle@Hagenes.com', '46/27 Braun Street', 'Makati', 'Philippines', 3297),
(123, 'Pouros-Bauch', '1-760-939-6479', 'Kaley65@yahoo.com', '60A/48 Schimmel Street', 'Lipa', 'Philippines', 8496),
(124, 'Dickens-Turcotte', '577-676-4356x6410', 'Maggio.Brad@Christiansen.com', '54 Weimann Street', 'Cotabato City', 'Philippines', 6130),
(125, 'Baumbach, Wintheiser and Hills', '1-362-072-4130x53052', 'dGorczany@hotmail.com', '46A/04 Carroll Street', 'Sorsogon City', 'Philippines', 4894),
(126, 'Connelly-Fahey', '06379111150', 'Yost.Muhammad@hotmail.com', '70/05 Langosh Street', 'Mandaue', 'Philippines', 429),
(127, 'Bartoletti Group', '809.270.6911x0393', 'Hilton.Ruecker@gmail.com', '56/49 McGlynn Street', 'Dasmariñas', 'Philippines', 7298),
(128, 'Dickinson LLC', '038.984.3398', 'Janet98@yahoo.com', '50/51 Bailey Street', 'Dagupan', 'Philippines', 7051),
(129, 'Lowe and Sons', '424.550.9163x6932', 'Regan18@Stamm.com', '94A Gaylord Street', 'Pasig', 'Philippines', 344),
(130, 'Gleason-Jenkins', '(463)380-8895', 'Nasir38@Conroy.biz', '67A Konopelski Street', 'Tuguegarao', 'Philippines', 8940),
(131, 'Williamson, Bode and Wiegand', '(004)757-4813', 'Kassandra91@hotmail.com', '91A/47 Breitenberg Street', 'Oroquieta', 'Philippines', 3830),
(132, 'Dibbert-Huels', '(101)026-6545x190', 'Gerda.Marks@yahoo.com', '97 Barton Street', 'Calapan', 'Philippines', 7036),
(133, 'Walsh Group', '+89(7)4604192074', 'Rachel.Hermann@yahoo.com', '23/68 Bauch Street', 'Cabadbaran', 'Philippines', 9444),
(134, 'Gleichner Ltd', '683-784-8153x872', 'dSchimmel@Upton.com', '31A/01 Paucek Street', 'El Salvador', 'Philippines', 3376),
(135, 'Hoppe, Beatty and Sipes', '+02(3)9998072172', 'Quitzon.Aryanna@Bartoletti.com', '02/27 Williamson Street', 'Bais', 'Philippines', 7807),
(136, 'Effertz Inc', '(658)545-3994x34482', 'Hermann.Rosella@gmail.com', '34/97 Corkery Street', 'Toledo', 'Philippines', 9130),
(137, 'Heller, Hahn and Brekke', '1-336-072-2454', 'Rempel.Berry@Reinger.biz', '80 Schulist Street', 'Pasay', 'Philippines', 493),
(138, 'Luettgen Ltd', '04196350723', 'Sandra.Schinner@hotmail.com', '85A/63 Ratke Street', 'Cebu City', 'Philippines', 3730),
(139, 'Flatley Inc', '713-869-1316', 'Mitchell23@Langworth.net', '92A Thiel Street', 'Mandaue', 'Philippines', 8455),
(140, 'Stamm Group', '518-016-0615x0998', 'eFeeney@yahoo.com', '78A/48 Green Street', 'Lipa', 'Philippines', 2714),
(141, 'Fahey-Bernier', '272.080.6724x8197', 'Mohr.Marie@Kshlerin.com', '10A Hansen Street', 'Calamba', 'Philippines', 1053),
(142, 'Durgan, Weimann and Wintheiser', '1-729-838-4781x85356', 'rMertz@Kerluke.com', '65/78 Daugherty Street', 'Muntinlupa', 'Philippines', 7356),
(143, 'Deckow-Dach', '(819)414-8001x544', 'Reginald.Koepp@Tillman.info', '88/14 Gottlieb Street', 'Tabaco', 'Philippines', 2682),
(144, 'Considine Inc', '437.474.9496x8822', 'Ignatius.Heller@yahoo.com', '75 Kiehn Street', 'Tagum', 'Philippines', 718),
(145, 'Crist Ltd', '365-959-5651', 'Nienow.Ferne@Lang.com', '32A/13 Reinger Street', 'Calbayog', 'Philippines', 7528),
(146, 'Bradtke Group', '1-101-970-4015', 'wKuhic@Homenick.com', '74A/52 Boyle Street', 'Laoag', 'Philippines', 6204),
(147, 'Schoen LLC', '228.421.3476', 'Roslyn40@hotmail.com', '15 Braun Street', 'Makati', 'Philippines', 1929),
(148, 'Hand-Johnson', '416.214.3098x7995', 'Schumm.Howell@gmail.com', '22A Sporer Street', 'Marawi', 'Philippines', 7408),
(149, 'Adams-Bahringer', '333-920-1441x952', 'Orin99@hotmail.com', '29A/59 Daugherty Street', 'Catbalogan', 'Philippines', 193),
(150, 'Kertzmann, Klocko and Kutch', '272.938.6793x891', 'sReichel@hotmail.com', '95A Bednar Street', 'Kabankalan', 'Philippines', 4094),
(151, 'Daugherty-Labadie', '1-252-841-0849', 'Jerald.Muller@Nicolas.org', '80A/25 Jerde Street', 'Marikina', 'Philippines', 5767),
(152, 'Kozey Inc', '606.882.5423x110', 'tStracke@Koss.com', '90/21 Wehner Street', 'Pasay', 'Philippines', 3396),
(153, 'Prohaska and Sons', '1-448-294-3743x699', 'dOrn@hotmail.com', '75/66 Rosenbaum Street', 'Cavite City', 'Philippines', 1597),
(154, 'Hudson, Weber and Gleichner', '183.230.9074x06672', 'Carlotta.Hammes@Satterfield.com', '91/24 Sanford Street', 'Himamaylan', 'Philippines', 2207),
(155, 'O\'Hara-McDermott', '576-124-4190x0177', 'eCrist@Kub.info', '17A/36 Schoen Street', 'Calamba', 'Philippines', 6752),
(156, 'Greenholt, Thompson and Nienow', '1-246-807-7091', 'Dora38@hotmail.com', '71A/87 Towne Street', 'Tacloban', 'Philippines', 2773),
(157, 'Walker Inc', '1-901-136-0189x274', 'Roderick11@Dare.com', '08 Oberbrunner Street', 'Bogo', 'Philippines', 8590),
(158, 'Marvin, Hermiston and Abbott', '(668)322-3367', 'tMertz@Breitenberg.com', '16A Nienow Street', 'Cabadbaran', 'Philippines', 9233),
(159, 'Gleichner, Upton and Shanahan', '(184)806-5114', 'Sylvia84@Schaden.net', '86A Gulgowski Street', 'Lucena', 'Philippines', 5890),
(160, 'Ritchie, Tremblay and Bergnaum', '(637)832-4865x9717', 'Weber.Misty@Funk.com', '68A Krajcik Street', 'Balanga', 'Philippines', 7466),
(161, 'Trantow Inc', '776.983.5889', 'Laurianne.Willms@Hagenes.org', '36A/40 Moen Street', 'Surigao City', 'Philippines', 4315),
(162, 'Stark, Reichel and Hahn', '(642)939-6064', 'jRogahn@gmail.com', '55/51 Olson Street', 'Taguig', 'Philippines', 8956),
(163, 'Hand-Fadel', '1-907-482-3884x386', 'Birdie.Berge@Dach.com', '38A Frami Street', 'Cabadbaran', 'Philippines', 4617),
(164, 'Harris-Shanahan', '1-783-456-0772x53560', 'wLarkin@Kautzer.biz', '56 Ferry Street', 'Bais', 'Philippines', 8871),
(165, 'Baumbach-Krajcik', '062.106.4216x92820', 'Rosemary20@Armstrong.com', '04 Turcotte Street', 'Carcar', 'Philippines', 9461),
(166, 'Botsford-Altenwerth', '752-821-9052x946', 'uDavis@Morissette.com', '84A Pagac Street', 'Davao City', 'Philippines', 53),
(167, 'Cormier-Moore', '289.164.8597x0028', 'Toy.Gino@Stroman.org', '80/44 Schinner Street', 'Antipolo', 'Philippines', 4415),
(168, 'Barrows-Greenfelder', '711.536.5890', 'Rodriguez.Raul@gmail.com', '19/67 Koepp Street', 'Canlaon', 'Philippines', 6864),
(169, 'Rodriguez-Heaney', '(655)244-2334', 'Jonas60@Herman.net', '22 Stark Street', 'Vigan', 'Philippines', 8399),
(170, 'Hayes LLC', '614.867.1877x051', 'Karolann36@hotmail.com', '02A Rutherford Street', 'El Salvador', 'Philippines', 3538),
(171, 'Gerhold PLC', '(820)028-8781x72134', 'Orval19@Batz.com', '39A/67 Hahn Street', 'Pagadian', 'Philippines', 8248),
(172, 'Weimann-Hessel', '347-886-1576', 'Lizzie30@gmail.com', '14A Heidenreich Street', 'Gingoog', 'Philippines', 3913),
(173, 'Flatley PLC', '(411)291-3819x38302', 'cBalistreri@yahoo.com', '57/90 Dibbert Street', 'Himamaylan', 'Philippines', 2074),
(174, 'Kihn-Schmeler', '1-903-688-8968x386', 'mSawayn@Jacobs.com', '14/58 Wisoky Street', 'Talisay', 'Philippines', 291),
(175, 'Marvin-Miller', '229.635.1411x85056', 'oConroy@Mraz.com', '89A/75 Mueller Street', 'Ligao', 'Philippines', 5418),
(176, 'Boyle-Hayes', '003-810-5360x8728', 'Karina48@gmail.com', '19 Greenfelder Street', 'Olongapo', 'Philippines', 328),
(177, 'Walsh-Wiza', '387-161-3478', 'Johns.Stanford@yahoo.com', '39/00 Wyman Street', 'Tanjay', 'Philippines', 2202),
(178, 'Mohr Ltd', '258.961.0517x0435', 'Kailee88@gmail.com', '66A/92 Lind Street', 'Passi', 'Philippines', 7911),
(179, 'Kris Inc', '(151)171-6571', 'tJohnson@hotmail.com', '19 Mayert Street', 'Biñan', 'Philippines', 7736),
(180, 'Larkin, Marvin and Schaefer', '481-528-3129', 'Merlin92@hotmail.com', '10/40 Stokes Street', 'Calbayog', 'Philippines', 1508),
(181, 'Mraz, Pfannerstill and Lockman', '(713)472-5014', 'yJacobs@Spencer.org', '41/93 Dare Street', 'Angeles', 'Philippines', 8313),
(182, 'Rath LLC', '(062)750-1555', 'Rodriguez.Jonas@Kuphal.org', '20/08 Dietrich Street', 'Balanga', 'Philippines', 1662),
(183, 'Kassulke-Bergnaum', '(217)202-8209x5271', 'lGislason@gmail.com', '94/17 Lehner Street', 'Las Piñas', 'Philippines', 665),
(184, 'Smith-Blick', '201-836-9400', 'Kennedy.Erdman@Daugherty.com', '55A Kris Street', 'Lipa', 'Philippines', 8190),
(185, 'Davis Group', '(679)193-2804', 'Kihn.Kira@Cruickshank.com', '97/50 Halvorson Street', 'Malabon', 'Philippines', 6860),
(186, 'Bogisich, Fahey and O\'Keefe', '1-516-143-2669', 'Augustus.Gerhold@Kiehn.com', '77/74 Fritsch Street', 'Lapu-Lapu', 'Philippines', 2608),
(187, 'Wisozk, Hahn and Ritchie', '179.747.7738', 'dMraz@Streich.com', '44A Kemmer Street', 'San Fernando', 'Philippines', 1024),
(188, 'Hartmann-Klein', '483-339-3443x4765', 'cBogan@gmail.com', '38 Lakin Street', 'Escalante', 'Philippines', 7978),
(189, 'D\'Amore PLC', '024-180-6582x87330', 'cProhaska@Runte.com', '96A Davis Street', 'Sipalay', 'Philippines', 7715),
(190, 'Luettgen-Lakin', '01609052041', 'jNader@hotmail.com', '89A/17 Bauch Street', 'Tacloban', 'Philippines', 9456),
(191, 'Langworth, McClure and Kuhlman', '577.873.0138', 'jCartwright@Cummings.org', '21A Hickle Street', 'Passi', 'Philippines', 8670),
(192, 'Sawayn, Hickle and Welch', '042-366-8159x73404', 'Julie.Blick@gmail.com', '75 Berge Street', 'Iligan', 'Philippines', 7076),
(193, 'Ferry, Murray and Daugherty', '1-896-513-0230x16386', 'uMills@hotmail.com', '22 Connelly Street', 'Calamba', 'Philippines', 3165),
(194, 'Trantow, Brakus and Pouros', '05524690460', 'rHettinger@hotmail.com', '85A/46 Casper Street', 'Butuan', 'Philippines', 4851),
(195, 'Lindgren, Lakin and Gislason', '706.469.5206x097', 'Bauch.Jamir@hotmail.com', '20A Jakubowski Street', 'Surigao City', 'Philippines', 6756),
(196, 'Cremin-Prosacco', '933-392-7561x425', 'oMedhurst@gmail.com', '91/58 Rice Street', 'Muñoz', 'Philippines', 4057),
(197, 'Hammes-Leannon', '448-043-6820x0020', 'Hauck.Fabian@hotmail.com', '00A Dickinson Street', 'Malabon', 'Philippines', 2183),
(198, 'Abbott, Herman and Schmidt', '(291)578-6999x911', 'Max.Buckridge@Franecki.com', '89 Runte Street', 'Meycauayan', 'Philippines', 314),
(199, 'Ward-Heidenreich', '644-953-2152', 'oLueilwitz@yahoo.com', '21A Pollich Street', 'Lipa', 'Philippines', 7135),
(200, 'Farrell, Runolfsson and Wiza', '(327)135-6690x933', 'sKoss@yahoo.com', '94A Boyer Street', 'Iloilo City', 'Philippines', 5805),
(201, 'D\'Amore, Muller and Bahringer', '+11(2)0359007001', 'Mosciski.Emiliano@yahoo.com', '54A/67 Streich Street', 'Tagbilaran', 'Philippines', 810),
(202, 'Upton Inc', '(289)167-4770x79490', 'Myrtle51@Hodkiewicz.com', '84A/13 Jerde Street', 'Kabankalan', 'Philippines', 3388),
(203, 'Cassin, Emmerich and Pollich', '08834119870', 'Ike.Bauch@yahoo.com', '86 Herzog Street', 'Cavite City', 'Philippines', 5937),
(204, 'Strosin-Rodriguez', '03705408274', 'Theresa.Block@Crist.biz', '11A/63 Bogan Street', 'Tagaytay', 'Philippines', 6992),
(205, 'Turner, Beatty and Gutmann', '(065)843-4312', 'Janice07@OConnell.com', '76A Stehr Street', 'Sorsogon City', 'Philippines', 5545),
(206, 'Grady-Kling', '01909655776', 'Santa56@Mertz.com', '95A/59 Cassin Street', 'Mati', 'Philippines', 8922),
(207, 'Feeney, Rodriguez and Casper', '1-868-838-3260x1773', 'bSchulist@Klein.com', '03A/90 Thiel Street', 'Isabela', 'Philippines', 8221),
(208, 'Kuhn-Schinner', '(529)073-1703x445', 'Dakota.Howell@Skiles.com', '32A Ortiz Street', 'Kidapawan', 'Philippines', 3681),
(209, 'Rice, Trantow and Dooley', '157.670.7962x36567', 'Seth21@Grimes.net', '36 Ferry Street', 'Taguig', 'Philippines', 3869),
(210, 'Hand and Sons', '418.281.8058', 'yJacobson@Hayes.org', '54A/22 Hayes Street', 'Manila', 'Philippines', 8458);

-- --------------------------------------------------------

--
-- Table structure for table `transaction`
--

CREATE TABLE `transaction` (
  `id` int(11) NOT NULL,
  `employee_id` int(11) DEFAULT NULL,
  `office_id` int(11) DEFAULT NULL,
  `datelog` datetime DEFAULT current_timestamp(),
  `action` enum('IN','OUT','COMPLETE') DEFAULT NULL,
  `remarks` varchar(100) DEFAULT NULL,
  `documentcode` varchar(45) NOT NULL
) ENGINE=InnoDB DEFAULT CHARSET=utf8mb4 COLLATE=utf8mb4_general_ci;

--
-- Dumping data for table `transaction`
--

INSERT INTO `transaction` (`id`, `employee_id`, `office_id`, `datelog`, `action`, `remarks`, `documentcode`) VALUES
(1, 3, 1, '2022-03-19 09:55:16', 'IN', NULL, '100'),
(2, 3, 2, '2022-03-19 09:55:37', 'OUT', NULL, '100'),
(3, 3, 1, '2022-03-19 09:55:53', 'COMPLETE', NULL, '100'),
(4, 3, 1, '2022-03-19 09:55:30', 'OUT', 'Signed', '100'),
(5, 3, 2, '2022-03-19 09:55:32', 'IN', 'For approval', '100'),
(6, 2, 3, '2022-03-19 09:55:17', 'IN', NULL, '101'),
(7, 2, 3, '2022-03-19 09:59:16', 'OUT', NULL, '101'),
(8, 6, 6, '2023-03-09 11:36:02', 'IN', 'Signed', '100'),
(9, 176, 54, '2023-03-12 05:06:41', 'OUT', 'In Progress', '102'),
(10, 90, 168, '2023-03-12 05:06:41', 'COMPLETE', '', '102'),
(11, 86, 27, '2023-03-12 05:06:41', 'OUT', 'For approval', '102'),
(12, 135, 6, '2023-03-12 05:06:41', 'IN', 'Signed', '102'),
(13, 171, 41, '2023-03-12 05:06:41', 'IN', 'For approval', '104'),
(14, 11, 151, '2023-03-12 05:06:41', 'IN', 'For approval', '100'),
(15, 152, 111, '2023-03-12 05:06:41', 'COMPLETE', 'For approval', '104'),
(16, 108, 125, '2023-03-12 05:06:41', 'IN', '', '100'),
(17, 67, 197, '2023-03-12 05:06:41', 'IN', 'For approval', '101'),
(18, 33, 44, '2023-03-12 05:06:41', 'IN', 'Rejected', '100'),
(19, 143, 150, '2023-03-12 05:06:41', 'IN', '', '102'),
(20, 43, 87, '2023-03-12 05:06:41', 'IN', '', '101'),
(21, 28, 118, '2023-03-12 05:06:41', 'OUT', 'In Progress', '100'),
(22, 42, 119, '2023-03-12 05:06:41', 'IN', 'Signed', '103'),
(23, 174, 109, '2023-03-12 05:06:41', 'COMPLETE', 'In Progress', '102'),
(24, 97, 109, '2023-03-12 05:06:41', 'COMPLETE', '', '103'),
(25, 83, 51, '2023-03-12 05:06:41', 'OUT', '', '100'),
(26, 135, 154, '2023-03-12 05:06:41', 'OUT', '', '104'),
(27, 40, 109, '2023-03-12 05:06:41', 'OUT', 'Rejected', '105'),
(28, 180, 82, '2023-03-12 05:06:41', 'OUT', '', '101'),
(29, 11, 130, '2023-03-12 05:06:41', 'IN', '', '100'),
(30, 65, 83, '2023-03-12 05:06:41', 'OUT', '', '101'),
(31, 15, 157, '2023-03-12 05:06:41', 'COMPLETE', '', '104'),
(32, 95, 62, '2023-03-12 05:06:41', 'COMPLETE', '', '101'),
(33, 124, 41, '2023-03-12 05:06:41', 'COMPLETE', '', '100'),
(34, 74, 160, '2023-03-12 05:06:41', 'IN', '', '101'),
(35, 172, 124, '2023-03-12 05:06:41', 'IN', 'In Progress', '104'),
(36, 65, 31, '2023-03-12 05:06:41', 'IN', '', '101'),
(37, 103, 177, '2023-03-12 05:06:41', 'IN', 'In Progress', '101'),
(38, 177, 175, '2023-03-12 05:06:41', 'IN', 'For approval', '103'),
(39, 162, 102, '2023-03-12 05:06:41', 'COMPLETE', 'Signed', '100'),
(40, 188, 29, '2023-03-12 05:06:41', 'IN', '', '102'),
(41, 53, 186, '2023-03-12 05:06:41', 'IN', '', '104'),
(42, 41, 10, '2023-03-12 05:06:41', 'OUT', '', '102'),
(43, 160, 70, '2023-03-12 05:06:41', 'OUT', 'Signed', '105'),
(44, 181, 34, '2023-03-12 05:06:41', 'IN', 'For approval', '102'),
(45, 72, 111, '2023-03-12 05:06:41', 'IN', 'In Progress', '104'),
(46, 103, 111, '2023-03-12 05:06:41', 'OUT', 'Rejected', '100'),
(47, 95, 3, '2023-03-12 05:06:41', 'OUT', 'In Progress', '101'),
(48, 12, 17, '2023-03-12 05:06:41', 'OUT', 'Signed', '104'),
(49, 51, 55, '2023-03-12 05:06:41', 'COMPLETE', 'For approval', '105'),
(50, 27, 54, '2023-03-12 05:06:41', 'OUT', '', '100'),
(51, 109, 66, '2023-03-12 05:06:41', 'OUT', '', '100'),
(52, 45, 165, '2023-03-12 05:06:41', 'IN', 'In Progress', '103'),
(53, 23, 157, '2023-03-12 05:06:41', 'OUT', '', '101'),
(54, 35, 199, '2023-03-12 05:06:41', 'OUT', 'Signed', '104'),
(55, 65, 179, '2023-03-12 05:06:41', 'IN', '', '103'),
(56, 19, 56, '2023-03-12 05:06:41', 'OUT', '', '104'),
(57, 179, 4, '2023-03-12 05:06:41', 'COMPLETE', 'In Progress', '101'),
(58, 146, 152, '2023-03-12 05:06:41', 'IN', 'In Progress', '102'),
(59, 86, 27, '2023-03-12 05:06:41', 'COMPLETE', '', '104'),
(60, 31, 65, '2023-03-12 05:06:41', 'IN', '', '102'),
(61, 183, 24, '2023-03-12 05:06:41', 'COMPLETE', 'For approval', '104'),
(62, 88, 26, '2023-03-12 05:06:41', 'IN', 'Signed', '104'),
(63, 82, 178, '2023-03-12 05:06:41', 'COMPLETE', '', '105'),
(64, 161, 52, '2023-03-12 05:06:41', 'OUT', '', '102'),
(65, 143, 143, '2023-03-12 05:06:41', 'COMPLETE', 'For approval', '104'),
(66, 63, 179, '2023-03-12 05:06:41', 'OUT', 'Rejected', '105'),
(67, 117, 16, '2023-03-12 05:06:41', 'OUT', '', '105'),
(68, 33, 183, '2023-03-12 05:06:41', 'OUT', 'Signed', '101'),
(69, 155, 117, '2023-03-12 05:06:41', 'IN', 'In Progress', '102'),
(70, 87, 163, '2023-03-12 05:06:41', 'OUT', 'In Progress', '101'),
(71, 141, 84, '2023-03-12 05:06:41', 'IN', 'For approval', '102'),
(72, 1, 32, '2023-03-12 05:06:41', 'COMPLETE', 'For approval', '102'),
(73, 194, 17, '2023-03-12 05:06:41', 'COMPLETE', '', '100'),
(74, 167, 117, '2023-03-12 05:06:41', 'COMPLETE', '', '104'),
(75, 172, 197, '2023-03-12 05:06:41', 'COMPLETE', 'In Progress', '100'),
(76, 65, 138, '2023-03-12 05:06:41', 'OUT', 'Rejected', '102'),
(77, 79, 168, '2023-03-12 05:06:41', 'COMPLETE', 'Signed', '101'),
(78, 6, 30, '2023-03-12 05:06:41', 'COMPLETE', 'Signed', '104'),
(79, 27, 73, '2023-03-12 05:06:41', 'IN', 'Signed', '103'),
(80, 186, 25, '2023-03-12 05:06:41', 'COMPLETE', 'For approval', '102'),
(81, 156, 22, '2023-03-12 05:06:41', 'IN', 'Signed', '102'),
(82, 90, 77, '2023-03-12 05:06:41', 'OUT', '', '100'),
(83, 129, 143, '2023-03-12 05:06:41', 'IN', '', '104'),
(84, 20, 77, '2023-03-12 05:06:41', 'COMPLETE', 'Signed', '103'),
(85, 131, 92, '2023-03-12 05:06:41', 'IN', 'Rejected', '105'),
(86, 200, 22, '2023-03-12 05:06:41', 'IN', '', '100'),
(87, 84, 118, '2023-03-12 05:06:41', 'OUT', 'Rejected', '101'),
(88, 33, 51, '2023-03-12 05:06:41', 'COMPLETE', 'In Progress', '105'),
(89, 136, 121, '2023-03-12 05:06:41', 'COMPLETE', '', '105'),
(90, 61, 53, '2023-03-12 05:06:41', 'COMPLETE', 'Signed', '100'),
(91, 96, 156, '2023-03-12 05:06:41', 'OUT', 'For approval', '101'),
(92, 169, 158, '2023-03-12 05:06:41', 'IN', '', '101'),
(93, 46, 122, '2023-03-12 05:06:41', 'COMPLETE', 'Rejected', '104'),
(94, 169, 117, '2023-03-12 05:06:41', 'OUT', 'Rejected', '104'),
(95, 56, 54, '2023-03-12 05:06:41', 'IN', '', '100'),
(96, 186, 107, '2023-03-12 05:06:41', 'COMPLETE', 'For approval', '101'),
(97, 199, 187, '2023-03-12 05:06:41', 'COMPLETE', 'In Progress', '101'),
(98, 21, 65, '2023-03-12 05:06:41', 'OUT', 'For approval', '102'),
(99, 75, 151, '2023-03-12 05:06:41', 'OUT', 'In Progress', '105'),
(100, 159, 33, '2023-03-12 05:06:41', 'OUT', 'Signed', '103'),
(101, 104, 111, '2023-03-12 05:06:41', 'IN', 'For approval', '102'),
(102, 104, 2, '2023-03-12 05:06:41', 'COMPLETE', 'For approval', '103'),
(103, 116, 107, '2023-03-12 05:06:41', 'OUT', 'Rejected', '100'),
(104, 41, 62, '2023-03-12 05:06:41', 'COMPLETE', '', '102'),
(105, 75, 38, '2023-03-12 05:06:41', 'OUT', 'For approval', '102'),
(106, 19, 86, '2023-03-12 05:06:41', 'OUT', 'In Progress', '104'),
(107, 117, 67, '2023-03-12 05:06:41', 'COMPLETE', 'Signed', '103'),
(108, 88, 63, '2023-03-12 05:06:41', 'COMPLETE', 'Rejected', '104'),
(109, 191, 93, '2023-03-12 05:06:41', 'COMPLETE', 'Rejected', '102'),
(110, 118, 9, '2023-03-12 05:06:41', 'OUT', 'For approval', '105'),
(111, 13, 31, '2023-03-12 05:06:41', 'COMPLETE', 'For approval', '105'),
(112, 141, 72, '2023-03-12 05:06:41', 'IN', 'In Progress', '103'),
(113, 185, 168, '2023-03-12 05:06:41', 'COMPLETE', 'For approval', '101'),
(114, 144, 54, '2023-03-12 05:06:41', 'COMPLETE', 'Signed', '102'),
(115, 80, 162, '2023-03-12 05:06:41', 'IN', '', '105'),
(116, 23, 167, '2023-03-12 05:06:41', 'IN', '', '105'),
(117, 184, 32, '2023-03-12 05:06:41', 'OUT', 'For approval', '104'),
(118, 16, 23, '2023-03-12 05:06:41', 'IN', '', '104'),
(119, 176, 177, '2023-03-12 05:06:41', 'OUT', 'Rejected', '101'),
(120, 120, 167, '2023-03-12 05:06:41', 'COMPLETE', '', '105'),
(121, 37, 29, '2023-03-12 05:06:41', 'OUT', '', '101'),
(122, 92, 73, '2023-03-12 05:06:41', 'IN', 'Rejected', '103'),
(123, 117, 81, '2023-03-12 05:06:41', 'COMPLETE', 'Rejected', '105'),
(124, 151, 163, '2023-03-12 05:06:41', 'COMPLETE', 'In Progress', '104'),
(125, 188, 63, '2023-03-12 05:06:41', 'COMPLETE', 'Signed', '102'),
(126, 73, 96, '2023-03-12 05:06:41', 'OUT', 'In Progress', '100'),
(127, 10, 98, '2023-03-12 05:06:41', 'IN', 'Signed', '100'),
(128, 68, 159, '2023-03-12 05:06:41', 'IN', '', '105'),
(129, 151, 55, '2023-03-12 05:06:41', 'OUT', 'Signed', '105'),
(130, 190, 155, '2023-03-12 05:06:41', 'OUT', '', '101'),
(131, 83, 121, '2023-03-12 05:06:41', 'COMPLETE', '', '101'),
(132, 21, 119, '2023-03-12 05:06:41', 'COMPLETE', 'Rejected', '100'),
(133, 145, 161, '2023-03-12 05:06:41', 'COMPLETE', 'For approval', '100'),
(134, 88, 19, '2023-03-12 05:06:41', 'COMPLETE', 'For approval', '105'),
(135, 80, 87, '2023-03-12 05:06:41', 'COMPLETE', 'In Progress', '104'),
(136, 15, 76, '2023-03-12 05:06:41', 'COMPLETE', 'For approval', '104'),
(137, 74, 112, '2023-03-12 05:06:41', 'IN', 'Rejected', '104'),
(138, 199, 31, '2023-03-12 05:06:41', 'IN', 'Signed', '101'),
(139, 64, 98, '2023-03-12 05:06:41', 'OUT', 'For approval', '103'),
(140, 27, 160, '2023-03-12 05:06:41', 'OUT', '', '100'),
(141, 185, 93, '2023-03-12 05:06:41', 'OUT', '', '103'),
(142, 191, 169, '2023-03-12 05:06:41', 'IN', 'For approval', '103'),
(143, 153, 176, '2023-03-12 05:06:41', 'OUT', 'For approval', '102'),
(144, 179, 74, '2023-03-12 05:06:41', 'IN', 'Rejected', '104'),
(145, 58, 183, '2023-03-12 05:06:41', 'OUT', 'In Progress', '100'),
(146, 129, 83, '2023-03-12 05:06:41', 'COMPLETE', '', '105'),
(147, 11, 166, '2023-03-12 05:06:41', 'IN', '', '100'),
(148, 43, 66, '2023-03-12 05:06:41', 'OUT', 'Rejected', '100'),
(149, 171, 92, '2023-03-12 05:06:41', 'IN', 'Rejected', '104'),
(150, 49, 13, '2023-03-12 05:06:41', 'OUT', '', '102'),
(151, 144, 107, '2023-03-12 05:06:41', 'IN', 'Signed', '101'),
(152, 52, 71, '2023-03-12 05:06:41', 'COMPLETE', 'In Progress', '103'),
(153, 58, 161, '2023-03-12 05:06:41', 'IN', '', '103'),
(154, 168, 134, '2023-03-12 05:06:41', 'IN', 'In Progress', '103'),
(155, 151, 92, '2023-03-12 05:06:41', 'OUT', 'Signed', '100'),
(156, 139, 186, '2023-03-12 05:06:41', 'COMPLETE', 'Rejected', '104'),
(157, 134, 160, '2023-03-12 05:06:41', 'COMPLETE', '', '101'),
(158, 168, 148, '2023-03-12 05:06:41', 'OUT', 'In Progress', '103'),
(159, 2, 139, '2023-03-12 05:06:41', 'IN', 'Signed', '101'),
(160, 27, 132, '2023-03-12 05:06:41', 'OUT', '', '101'),
(161, 191, 154, '2023-03-12 05:06:41', 'IN', 'Signed', '102'),
(162, 164, 184, '2023-03-12 05:06:41', 'IN', 'For approval', '102'),
(163, 71, 33, '2023-03-12 05:06:41', 'IN', 'In Progress', '103'),
(164, 6, 69, '2023-03-12 05:06:41', 'IN', '', '101'),
(165, 64, 172, '2023-03-12 05:06:41', 'IN', 'For approval', '101'),
(166, 84, 121, '2023-03-12 05:06:41', 'COMPLETE', 'Rejected', '103'),
(167, 200, 32, '2023-03-12 05:06:41', 'COMPLETE', 'For approval', '102'),
(168, 102, 11, '2023-03-12 05:06:41', 'COMPLETE', '', '100'),
(169, 96, 89, '2023-03-12 05:06:41', 'COMPLETE', 'Rejected', '105'),
(170, 12, 76, '2023-03-12 05:06:41', 'IN', 'In Progress', '105'),
(171, 163, 139, '2023-03-12 05:06:41', 'COMPLETE', 'Signed', '101'),
(172, 5, 11, '2023-03-12 05:06:41', 'IN', 'In Progress', '102'),
(173, 134, 47, '2023-03-12 05:06:41', 'COMPLETE', '', '102'),
(174, 42, 163, '2023-03-12 05:06:41', 'COMPLETE', 'Rejected', '105'),
(175, 95, 128, '2023-03-12 05:06:41', 'IN', 'For approval', '105'),
(176, 198, 9, '2023-03-12 05:06:41', 'IN', 'Rejected', '102'),
(177, 123, 30, '2023-03-12 05:06:41', 'COMPLETE', 'Signed', '105'),
(178, 152, 139, '2023-03-12 05:06:41', 'OUT', '', '104'),
(179, 63, 149, '2023-03-12 05:06:41', 'COMPLETE', 'Rejected', '103'),
(180, 29, 3, '2023-03-12 05:06:41', 'OUT', 'In Progress', '103'),
(181, 63, 32, '2023-03-12 05:06:41', 'COMPLETE', 'In Progress', '102'),
(182, 127, 97, '2023-03-12 05:06:41', 'OUT', '', '103'),
(183, 148, 88, '2023-03-12 05:06:41', 'COMPLETE', '', '101'),
(184, 135, 75, '2023-03-12 05:06:41', 'COMPLETE', 'Rejected', '105'),
(185, 140, 175, '2023-03-12 05:06:41', 'OUT', '', '102'),
(186, 190, 8, '2023-03-12 05:06:41', 'IN', 'Rejected', '103'),
(187, 177, 146, '2023-03-12 05:06:41', 'COMPLETE', 'Signed', '101'),
(188, 114, 96, '2023-03-12 05:06:41', 'COMPLETE', 'In Progress', '105'),
(189, 166, 125, '2023-03-12 05:06:41', 'OUT', 'For approval', '100'),
(190, 167, 12, '2023-03-12 05:06:41', 'IN', '', '104'),
(191, 157, 126, '2023-03-12 05:06:41', 'OUT', 'Rejected', '104'),
(192, 21, 161, '2023-03-12 05:06:41', 'COMPLETE', 'Signed', '102'),
(193, 93, 115, '2023-03-12 05:06:41', 'COMPLETE', 'Rejected', '102'),
(194, 161, 146, '2023-03-12 05:06:41', 'IN', '', '101'),
(195, 163, 67, '2023-03-12 05:06:41', 'COMPLETE', '', '105'),
(196, 92, 150, '2023-03-12 05:06:41', 'IN', 'For approval', '102'),
(197, 108, 200, '2023-03-12 05:06:41', 'COMPLETE', 'For approval', '102'),
(198, 199, 32, '2023-03-12 05:06:41', 'COMPLETE', 'Rejected', '100'),
(199, 11, 96, '2023-03-12 05:06:41', 'COMPLETE', '', '103'),
(200, 147, 195, '2023-03-12 05:06:41', 'IN', '', '105'),
(201, 80, 33, '2023-03-12 05:06:41', 'IN', 'In Progress', '105'),
(202, 162, 160, '2023-03-12 05:06:41', 'OUT', 'Rejected', '101'),
(203, 198, 10, '2023-03-12 05:06:41', 'IN', 'For approval', '102'),
(204, 84, 31, '2023-03-12 05:06:41', 'COMPLETE', 'Signed', '100'),
(205, 195, 112, '2023-03-12 05:06:41', 'IN', '', '103'),
(206, 140, 23, '2023-03-12 05:06:41', 'IN', 'For approval', '101'),
(207, 134, 169, '2023-03-12 05:06:41', 'IN', 'In Progress', '100'),
(208, 94, 160, '2023-03-12 05:06:41', 'COMPLETE', 'Rejected', '102');

--
-- Indexes for dumped tables
--

--
-- Indexes for table `employee`
--
ALTER TABLE `employee`
  ADD PRIMARY KEY (`id`);

--
-- Indexes for table `office`
--
ALTER TABLE `office`
  ADD PRIMARY KEY (`id`);

--
-- Indexes for table `transaction`
--
ALTER TABLE `transaction`
  ADD PRIMARY KEY (`id`);

--
-- AUTO_INCREMENT for dumped tables
--

--
-- AUTO_INCREMENT for table `employee`
--
ALTER TABLE `employee`
  MODIFY `id` int(11) NOT NULL AUTO_INCREMENT, AUTO_INCREMENT=209;

--
-- AUTO_INCREMENT for table `office`
--
ALTER TABLE `office`
  MODIFY `id` int(11) NOT NULL AUTO_INCREMENT, AUTO_INCREMENT=1073;

--
-- AUTO_INCREMENT for table `transaction`
--
ALTER TABLE `transaction`
  MODIFY `id` int(11) NOT NULL AUTO_INCREMENT, AUTO_INCREMENT=209;
COMMIT;

/*!40101 SET CHARACTER_SET_CLIENT=@OLD_CHARACTER_SET_CLIENT */;
/*!40101 SET CHARACTER_SET_RESULTS=@OLD_CHARACTER_SET_RESULTS */;
/*!40101 SET COLLATION_CONNECTION=@OLD_COLLATION_CONNECTION */;
